0,mobilenet0_conv0_fwd
1,.
2,mobilenet0_conv1_fwd
3,mobilenet0_conv2_fwd
4,mobilenet0_conv3_fwd
5,mobilenet0_conv4_fwd
6,mobilenet0_conv5_fwd
7,mobilenet0_conv6_fwd
8,mobilenet0_conv7_fwd
9,mobilenet0_conv8_fwd
10,mobilenet0_conv9_fwd
11,mobilenet0_conv10_fwd
12,mobilenet0_conv11_fwd
13,mobilenet0_conv12_fwd
14,mobilenet0_conv13_fwd
15,mobilenet0_conv14_fwd
16,mobilenet0_conv15_fwd
17,mobilenet0_conv16_fwd
18,mobilenet0_conv17_fwd
19,mobilenet0_conv18_fwd
20,mobilenet0_conv19_fwd
21,mobilenet0_conv20_fwd
22,mobilenet0_conv21_fwd
23,mobilenet0_conv22_fwd
24,mobilenet0_conv23_fwd
25,mobilenet0_conv24_fwd
26,mobilenet0_conv25_fwd
27,mobilenet0_conv26_fwd
28,rf_c3_lateral
29,.
30,rf_c3_det_context_conv1
31,.
32,rf_c3_det_context_conv3_1
33,.
34,rf_c3_det_conv1
35,rf_c3_det_context_conv2
36,rf_c3_det_context_conv3_2
37,face_rpn_cls_score_stride32
38,face_rpn_bbox_pred_stride32
39,face_rpn_landmark_pred_stride32
40,.
41,rf_c2_lateral
42,rf_c3_upsampling
43,.
44,rf_c2_aggr
45,.
46,rf_c2_det_context_conv1
47,.
48,rf_c2_det_context_conv3_1
49,.
50,rf_c2_det_conv1
51,rf_c2_det_context_conv2
52,rf_c2_det_context_conv3_2
53,face_rpn_cls_score_stride16
54,face_rpn_bbox_pred_stride16
55,face_rpn_landmark_pred_stride16
56,.
57,rf_c1_red_conv
58,rf_c2_upsampling
59,.
60,rf_c1_aggr
61,.
62,rf_c1_det_context_conv1
63,.
64,rf_c1_det_context_conv3_1
65,.
66,rf_c1_det_conv1
67,rf_c1_det_context_conv2
68,rf_c1_det_context_conv3_2
69,face_rpn_cls_score_stride8
70,face_rpn_bbox_pred_stride8
71,face_rpn_landmark_pred_stride8
